{"loss": [1.1044180393218994, 0.9528727531433105, 0.8860957026481628, 0.8541409969329834, 0.8164406418800354, 0.794806718826294, 0.7771234512329102, 0.7571656107902527, 0.7516849040985107, 0.7426116466522217, 0.724619448184967, 0.7129108905792236, 0.7026023268699646, 0.6903190016746521, 0.6768856048583984, 0.6697694063186646, 0.6564936637878418, 0.6482553482055664, 0.6457376480102539, 0.6381856203079224], "accuracy": [0.6639087200164795, 0.6726105809211731, 0.6793152689933777, 0.6893010139465332, 0.6981455087661743, 0.6975749135017395, 0.7106990218162537, 0.7128388285636902, 0.7151212692260742, 0.7211126685142517, 0.7248216867446899, 0.7320970296859741, 0.7368045449256897, 0.7419400811195374, 0.7446504831314087, 0.7554921507835388, 0.7582025527954102, 0.7596291303634644, 0.7587732076644897, 0.7660484910011292], "val_loss": [0.9622319936752319, 0.8886780738830566, 0.8370028734207153, 0.8387030363082886, 0.799860954284668, 0.8167301416397095, 0.7737627625465393, 0.7609239816665649, 0.7646289467811584, 0.7801805734634399, 0.7354021668434143, 0.7461541295051575, 0.7264751195907593, 0.7174855470657349, 0.7153154611587524, 0.7071056365966797, 0.7058970928192139, 0.7155398726463318, 0.7112532258033752, 0.7171111702919006], "val_accuracy": [0.6704394221305847, 0.6797603368759155, 0.6884154677391052, 0.6957390308380127, 0.7017310261726379, 0.6944074630737305, 0.7157123684883118, 0.7157123684883118, 0.7290279865264893, 0.7263648509979248, 0.7310252785682678, 0.7263648509979248, 0.7443408966064453, 0.7463381886482239, 0.7543275356292725, 0.7490013241767883, 0.7589880228042603, 0.7509986758232117, 0.7536618113517761, 0.7490013241767883]}